<?xml version="1.0" encoding="UTF-8"?>
<project-private xmlns="http://www.netbeans.org/ns/project-private/1">
    <editor-bookmarks xmlns="http://www.netbeans.org/ns/editor-bookmarks/2" lastBookmarkId="0"/>
    <open-files xmlns="http://www.netbeans.org/ns/projectui-open-files/2">
        <group>
            <file>file:/C:/Users/garym/OneDrive/Documentos/NetBeansProjects/Inpuestod_veiculos/src/clases/RangoImpuesto.java</file>
            <file>file:/C:/Users/garym/OneDrive/Documentos/NetBeansProjects/Inpuestod_veiculos/src/clases/Marca.java</file>
            <file>file:/C:/Users/garym/OneDrive/Documentos/NetBeansProjects/Inpuestod_veiculos/src/clases/Linea.java</file>
            <file>file:/C:/Users/garym/OneDrive/Documentos/NetBeansProjects/Inpuestod_veiculos/src/clases/Modelo.java</file>
        </group>
    </open-files>
</project-private>
